"commune","year","precipitation","month"
"KANDI_AEROPORT","2013","0","1"
"NATITINGOU_PEPORIYAKOU","2013","0","1"
"PARAKOU_AEROPORT","2013","0","1"
"SAVE","2013","0","1"
"BOHICON","2013","0.2","1"
"COTONOU_AEROPORT","2013","30.1","1"
"KANDI_AEROPORT","2013","0","2"
"NATITINGOU_PEPORIYAKOU","2013","18.7","2"
"PARAKOU_AEROPORT","2013","3","2"
"SAVE","2013","19.4","2"
"BOHICON","2013","15.8","2"
"COTONOU_AEROPORT","2013","38.1","2"
"KANDI_AEROPORT","2013","0","3"
"NATITINGOU_PEPORIYAKOU","2013","41.2","3"
"PARAKOU_AEROPORT","2013","47.3","3"
"SAVE","2013","132.2","3"
"BOHICON","2013","77.7","3"
"COTONOU_AEROPORT","2013","75.1","3"
"KANDI_AEROPORT","2013","68.1","4"
"NATITINGOU_PEPORIYAKOU","2013","115","4"
"PARAKOU_AEROPORT","2013","142.6","4"
"SAVE","2013","110.1","4"
"BOHICON","2013","112.4","4"
"COTONOU_AEROPORT","2013","163","4"
"KANDI_AEROPORT","2013","104.7","5"
"NATITINGOU_PEPORIYAKOU","2013","90.8","5"
"PARAKOU_AEROPORT","2013","111.3","5"
"SAVE","2013","140.7","5"
"BOHICON","2013","133.9","5"
"COTONOU_AEROPORT","2013","375.1","5"
"KANDI_AEROPORT","2013","188","6"
"NATITINGOU_PEPORIYAKOU","2013","187.4","6"
"PARAKOU_AEROPORT","2013","100.4","6"
"SAVE","2013","105.8","6"
"BOHICON","2013","94","6"
"COTONOU_AEROPORT","2013","182.7","6"
"KANDI_AEROPORT","2013","193.7","7"
"NATITINGOU_PEPORIYAKOU","2013","134.2","7"
"PARAKOU_AEROPORT","2013","53.9","7"
"SAVE","2013","114.8","7"
"BOHICON","2013","126","7"
"COTONOU_AEROPORT","2013","75.2","7"
"KANDI_AEROPORT","2013","332.2","8"
"NATITINGOU_PEPORIYAKOU","2013","182.3","8"
"PARAKOU_AEROPORT","2013","126.4","8"
"SAVE","2013","95.1","8"
"BOHICON","2013","34.8","8"
"COTONOU_AEROPORT","2013","2.1","8"
"KANDI_AEROPORT","2013","120.3","9"
"NATITINGOU_PEPORIYAKOU","2013","166.5","9"
"PARAKOU_AEROPORT","2013","155.9","9"
"SAVE","2013","128.6","9"
"BOHICON","2013","60.2","9"
"COTONOU_AEROPORT","2013","122.2","9"
"KANDI_AEROPORT","2013","95.2","10"
"NATITINGOU_PEPORIYAKOU","2013","56.8","10"
"PARAKOU_AEROPORT","2013","173.2","10"
"SAVE","2013","107.2","10"
"BOHICON","2013","73","10"
"COTONOU_AEROPORT","2013","86.4","10"
"KANDI_AEROPORT","2013","0","11"
"NATITINGOU_PEPORIYAKOU","2013","9.4","11"
"PARAKOU_AEROPORT","2013","6.7","11"
"SAVE","2013","0","11"
"BOHICON","2013","66.4","11"
"COTONOU_AEROPORT","2013","16.2","11"
"KANDI_AEROPORT","2013","0","12"
"NATITINGOU_PEPORIYAKOU","2013","0","12"
"PARAKOU_AEROPORT","2013","0","12"
"SAVE","2013","27.6","12"
"BOHICON","2013","13.4","12"
"COTONOU_AEROPORT","2013","9.4","12"
"KANDI_AEROPORT","2014","7.7","1"
"NATITINGOU_PEPORIYAKOU","2014","0","1"
"PARAKOU_AEROPORT","2014","6.5","1"
"SAVE","2014","11.3","1"
"BOHICON","2014","23.4","1"
"COTONOU_AEROPORT","2014","83.8","1"
"KANDI_AEROPORT","2014","0","2"
"NATITINGOU_PEPORIYAKOU","2014","0","2"
"PARAKOU_AEROPORT","2014","2.6","2"
"SAVE","2014","8.2","2"
"BOHICON","2014","27.5","2"
"COTONOU_AEROPORT","2014","65.1","2"
"KANDI_AEROPORT","2014","0","3"
"NATITINGOU_PEPORIYAKOU","2014","22.1","3"
"PARAKOU_AEROPORT","2014","89.4","3"
"SAVE","2014","39.5","3"
"BOHICON","2014","130.1","3"
"COTONOU_AEROPORT","2014","72.5","3"
"KANDI_AEROPORT","2014","100.6","4"
"NATITINGOU_PEPORIYAKOU","2014","63.1","4"
"PARAKOU_AEROPORT","2014","70.2","4"
"SAVE","2014","146.2","4"
"BOHICON","2014","68.8","4"
"COTONOU_AEROPORT","2014","66.4","4"
"KANDI_AEROPORT","2014","64.8","5"
"NATITINGOU_PEPORIYAKOU","2014","86.8","5"
"PARAKOU_AEROPORT","2014","240.3","5"
"SAVE","2014","48.1","5"
"BOHICON","2014","173.7","5"
"COTONOU_AEROPORT","2014","190.6","5"
"KANDI_AEROPORT","2014","149.9","6"
"NATITINGOU_PEPORIYAKOU","2014","148","6"
"PARAKOU_AEROPORT","2014","156.4","6"
"SAVE","2014","170.3","6"
"BOHICON","2014","148.8","6"
"COTONOU_AEROPORT","2014","260.8","6"
"KANDI_AEROPORT","2014","195.3","7"
"NATITINGOU_PEPORIYAKOU","2014","128.8","7"
"PARAKOU_AEROPORT","2014","185.7","7"
"SAVE","2014","125.3","7"
"BOHICON","2014","88.4","7"
"COTONOU_AEROPORT","2014","209.3","7"
"KANDI_AEROPORT","2014","201.5","8"
"NATITINGOU_PEPORIYAKOU","2014","127.3","8"
"PARAKOU_AEROPORT","2014","295.2","8"
"SAVE","2014","145.8","8"
"BOHICON","2014","129.4","8"
"COTONOU_AEROPORT","2014","88.3","8"
"KANDI_AEROPORT","2014","236.5","9"
"NATITINGOU_PEPORIYAKOU","2014","287.1","9"
"PARAKOU_AEROPORT","2014","256.7","9"
"SAVE","2014","210.2","9"
"BOHICON","2014","245.2","9"
"COTONOU_AEROPORT","2014","147.8","9"
"KANDI_AEROPORT","2014","18.8","10"
"NATITINGOU_PEPORIYAKOU","2014","67.8","10"
"PARAKOU_AEROPORT","2014","114.4","10"
"SAVE","2014","194.4","10"
"BOHICON","2014","102.9","10"
"COTONOU_AEROPORT","2014","92","10"
"KANDI_AEROPORT","2014","0","11"
"NATITINGOU_PEPORIYAKOU","2014","25","11"
"PARAKOU_AEROPORT","2014","0","11"
"SAVE","2014","18.4","11"
"BOHICON","2014","22.9","11"
"COTONOU_AEROPORT","2014","95.7","11"
"KANDI_AEROPORT","2014","0","12"
"NATITINGOU_PEPORIYAKOU","2014","0","12"
"PARAKOU_AEROPORT","2014","0","12"
"SAVE","2014","0","12"
"BOHICON","2014","0","12"
"COTONOU_AEROPORT","2014","11.6","12"
"KANDI_AEROPORT","2015","0","1"
"NATITINGOU_PEPORIYAKOU","2015","0","1"
"PARAKOU_AEROPORT","2015","3.8","1"
"SAVE","2015","1.1","1"
"BOHICON","2015","3.8","1"
"COTONOU_AEROPORT","2015","0","1"
"KANDI_AEROPORT","2015","4.1","2"
"NATITINGOU_PEPORIYAKOU","2015","38.5","2"
"PARAKOU_AEROPORT","2015","12.4","2"
"SAVE","2015","7.4","2"
"BOHICON","2015","17.9","2"
"COTONOU_AEROPORT","2015","123.4","2"
"KANDI_AEROPORT","2015","1.9","3"
"NATITINGOU_PEPORIYAKOU","2015","4.8","3"
"PARAKOU_AEROPORT","2015","38.1","3"
"SAVE","2015","181","3"
"BOHICON","2015","116.7","3"
"COTONOU_AEROPORT","2015","187.5","3"
"KANDI_AEROPORT","2015","10.5","4"
"NATITINGOU_PEPORIYAKOU","2015","12.5","4"
"PARAKOU_AEROPORT","2015","13.6","4"
"SAVE","2015","52.3","4"
"BOHICON","2015","26","4"
"COTONOU_AEROPORT","2015","80.1","4"
"KANDI_AEROPORT","2015","96.6","5"
"NATITINGOU_PEPORIYAKOU","2015","53.4","5"
"PARAKOU_AEROPORT","2015","112.3","5"
"SAVE","2015","134.9","5"
"BOHICON","2015","88.2","5"
"COTONOU_AEROPORT","2015","69.1","5"
"KANDI_AEROPORT","2015","72.8","6"
"NATITINGOU_PEPORIYAKOU","2015","86.2","6"
"PARAKOU_AEROPORT","2015","67.2","6"
"SAVE","2015","121.2","6"
"BOHICON","2015","63","6"
"COTONOU_AEROPORT","2015","459.6","6"
"KANDI_AEROPORT","2015","219.5","7"
"NATITINGOU_PEPORIYAKOU","2015","235.1","7"
"PARAKOU_AEROPORT","2015","83.6","7"
"SAVE","2015","64.2","7"
"BOHICON","2015","104.9","7"
"COTONOU_AEROPORT","2015","27.1","7"
"KANDI_AEROPORT","2015","344","8"
"NATITINGOU_PEPORIYAKOU","2015","322.6","8"
"PARAKOU_AEROPORT","2015","176.6","8"
"SAVE","2015","79.4","8"
"BOHICON","2015","70.8","8"
"COTONOU_AEROPORT","2015","57.3","8"
"KANDI_AEROPORT","2015","344.2","9"
"NATITINGOU_PEPORIYAKOU","2015","243.3","9"
"PARAKOU_AEROPORT","2015","158.2","9"
"SAVE","2015","90.2","9"
"BOHICON","2015","34.2","9"
"COTONOU_AEROPORT","2015","92.8","9"
"KANDI_AEROPORT","2015","92.6","10"
"NATITINGOU_PEPORIYAKOU","2015","87.8","10"
"PARAKOU_AEROPORT","2015","142.2","10"
"SAVE","2015","104.7","10"
"BOHICON","2015","174.5","10"
"COTONOU_AEROPORT","2015","186.6","10"
"KANDI_AEROPORT","2015","0","11"
"NATITINGOU_PEPORIYAKOU","2015","4.9","11"
"PARAKOU_AEROPORT","2015","0","11"
"SAVE","2015","16.6","11"
"BOHICON","2015","9.6","11"
"COTONOU_AEROPORT","2015","21.1","11"
"KANDI_AEROPORT","2015","0","12"
"NATITINGOU_PEPORIYAKOU","2015","0","12"
"PARAKOU_AEROPORT","2015","0","12"
"SAVE","2015","0","12"
"BOHICON","2015","0","12"
"COTONOU_AEROPORT","2015","0","12"
"KANDI_AEROPORT","2016","0","1"
"NATITINGOU_PEPORIYAKOU","2016","0","1"
"PARAKOU_AEROPORT","2016","0","1"
"SAVE","2016","0","1"
"BOHICON","2016","0","1"
"COTONOU_AEROPORT","2016","1.8","1"
"KANDI_AEROPORT","2016","0","2"
"NATITINGOU_PEPORIYAKOU","2016","0","2"
"PARAKOU_AEROPORT","2016","0","2"
"SAVE","2016","0","2"
"BOHICON","2016","12.2","2"
"COTONOU_AEROPORT","2016","0","2"
"KANDI_AEROPORT","2016","18.5","3"
"NATITINGOU_PEPORIYAKOU","2016","16.4","3"
"PARAKOU_AEROPORT","2016","32.7","3"
"SAVE","2016","72.2","3"
"BOHICON","2016","188.9","3"
"COTONOU_AEROPORT","2016","99.2","3"
"KANDI_AEROPORT","2016","101.2","4"
"NATITINGOU_PEPORIYAKOU","2016","86.8","4"
"PARAKOU_AEROPORT","2016","168","4"
"SAVE","2016","65.1","4"
"BOHICON","2016","186.7","4"
"COTONOU_AEROPORT","2016","82.3","4"
"KANDI_AEROPORT","2016","92","5"
"NATITINGOU_PEPORIYAKOU","2016","94.6","5"
"PARAKOU_AEROPORT","2016","133.7","5"
"SAVE","2016","71.8","5"
"BOHICON","2016","119.5","5"
"COTONOU_AEROPORT","2016","238.9","5"
"KANDI_AEROPORT","2016","123.2","6"
"NATITINGOU_PEPORIYAKOU","2016","140.9","6"
"PARAKOU_AEROPORT","2016","91.2","6"
"SAVE","2016","91.2","6"
"BOHICON","2016","266","6"
"COTONOU_AEROPORT","2016","234.3","6"
"KANDI_AEROPORT","2016","123.1","7"
"NATITINGOU_PEPORIYAKOU","2016","84.8","7"
"PARAKOU_AEROPORT","2016","200.5","7"
"SAVE","2016","129.5","7"
"BOHICON","2016","122.2","7"
"COTONOU_AEROPORT","2016","30.6","7"
"KANDI_AEROPORT","2016","189.5","8"
"NATITINGOU_PEPORIYAKOU","2016","305.3","8"
"PARAKOU_AEROPORT","2016","99.8","8"
"SAVE","2016","210.9","8"
"BOHICON","2016","64","8"
"COTONOU_AEROPORT","2016","45.9","8"
"KANDI_AEROPORT","2016","337.3","9"
"NATITINGOU_PEPORIYAKOU","2016","292.1","9"
"PARAKOU_AEROPORT","2016","176.1","9"
"SAVE","2016","71.2","9"
"BOHICON","2016","258.5","9"
"COTONOU_AEROPORT","2016","73.6","9"
"KANDI_AEROPORT","2016","12.2","10"
"NATITINGOU_PEPORIYAKOU","2016","58.2","10"
"PARAKOU_AEROPORT","2016","70.5","10"
"SAVE","2016","103.7","10"
"BOHICON","2016","147.2","10"
"COTONOU_AEROPORT","2016","281.7","10"
"KANDI_AEROPORT","2016","0","11"
"NATITINGOU_PEPORIYAKOU","2016","0","11"
"PARAKOU_AEROPORT","2016","0","11"
"SAVE","2016","0","11"
"BOHICON","2016","2.8","11"
"COTONOU_AEROPORT","2016","58.1","11"
"KANDI_AEROPORT","2016","0","12"
"NATITINGOU_PEPORIYAKOU","2016","0","12"
"PARAKOU_AEROPORT","2016","0.3","12"
"SAVE","2016","0","12"
"BOHICON","2016","38.8","12"
"COTONOU_AEROPORT","2016","0.1","12"
"KANDI_AEROPORT","2017","0","1"
"NATITINGOU_PEPORIYAKOU","2017","0","1"
"PARAKOU_AEROPORT","2017","0.8","1"
"SAVE","2017","19.4","1"
"BOHICON","2017","9.2","1"
"COTONOU_AEROPORT","2017","8.5","1"
"KANDI_AEROPORT","2017","0","2"
"NATITINGOU_PEPORIYAKOU","2017","0","2"
"PARAKOU_AEROPORT","2017","0","2"
"SAVE","2017","0","2"
"BOHICON","2017","6.4","2"
"COTONOU_AEROPORT","2017","0","2"
"KANDI_AEROPORT","2017","0","3"
"NATITINGOU_PEPORIYAKOU","2017","6.3","3"
"PARAKOU_AEROPORT","2017","2","3"
"SAVE","2017","50.6","3"
"BOHICON","2017","65.5","3"
"COTONOU_AEROPORT","2017","67.3","3"
"KANDI_AEROPORT","2017","7.1","4"
"NATITINGOU_PEPORIYAKOU","2017","38","4"
"PARAKOU_AEROPORT","2017","107.8","4"
"SAVE","2017","14.1","4"
"BOHICON","2017","66","4"
"COTONOU_AEROPORT","2017","69.8","4"
"KANDI_AEROPORT","2017","91.8","5"
"NATITINGOU_PEPORIYAKOU","2017","65.7","5"
"PARAKOU_AEROPORT","2017","124.8","5"
"SAVE","2017","143.9","5"
"BOHICON","2017","170.5","5"
"COTONOU_AEROPORT","2017","178.3","5"
"KANDI_AEROPORT","2017","225.4","6"
"NATITINGOU_PEPORIYAKOU","2017","191.6","6"
"PARAKOU_AEROPORT","2017","366.2","6"
"SAVE","2017","228.7","6"
"BOHICON","2017","140.5","6"
"COTONOU_AEROPORT","2017","472.6","6"
"KANDI_AEROPORT","2017","169.1","7"
"NATITINGOU_PEPORIYAKOU","2017","223.1","7"
"PARAKOU_AEROPORT","2017","278.8","7"
"SAVE","2017","163.8","7"
"BOHICON","2017","73.4","7"
"COTONOU_AEROPORT","2017","192.9","7"
"KANDI_AEROPORT","2017","282.8","8"
"NATITINGOU_PEPORIYAKOU","2017","255.5","8"
"PARAKOU_AEROPORT","2017","300.8","8"
"SAVE","2017","155.4","8"
"BOHICON","2017","115.1","8"
"COTONOU_AEROPORT","2017","96.3","8"
"KANDI_AEROPORT","2017","256.5","9"
"NATITINGOU_PEPORIYAKOU","2017","241.9","9"
"PARAKOU_AEROPORT","2017","155.1","9"
"SAVE","2017","80.8","9"
"BOHICON","2017","55.5","9"
"COTONOU_AEROPORT","2017","101.3","9"
"KANDI_AEROPORT","2017","36","10"
"NATITINGOU_PEPORIYAKOU","2017","114.5","10"
"PARAKOU_AEROPORT","2017","39.5","10"
"SAVE","2017","30.2","10"
"BOHICON","2017","71.9","10"
"COTONOU_AEROPORT","2017","20.5","10"
"KANDI_AEROPORT","2017","0","11"
"NATITINGOU_PEPORIYAKOU","2017","20.5","11"
"PARAKOU_AEROPORT","2017","0.9","11"
"SAVE","2017","0.4","11"
"BOHICON","2017","59.4","11"
"COTONOU_AEROPORT","2017","47","11"
"KANDI_AEROPORT","2017","0","12"
"NATITINGOU_PEPORIYAKOU","2017","0.1","12"
"PARAKOU_AEROPORT","2017","0","12"
"SAVE","2017","0","12"
"BOHICON","2017","0","12"
"COTONOU_AEROPORT","2017","15.2","12"
"KANDI_AEROPORT","2018","0","1"
"NATITINGOU_PEPORIYAKOU","2018","0","1"
"PARAKOU_AEROPORT","2018","0","1"
"SAVE","2018","0","1"
"BOHICON","2018","0","1"
"COTONOU_AEROPORT","2018","0","1"
"KANDI_AEROPORT","2018","0.4","2"
"NATITINGOU_PEPORIYAKOU","2018","3.3","2"
"PARAKOU_AEROPORT","2018","12","2"
"SAVE","2018","56.4","2"
"BOHICON","2018","113.6","2"
"COTONOU_AEROPORT","2018","42.1","2"
"KANDI_AEROPORT","2018","49.1","3"
"NATITINGOU_PEPORIYAKOU","2018","19.3","3"
"PARAKOU_AEROPORT","2018","11.6","3"
"SAVE","2018","20.8","3"
"BOHICON","2018","113.6","3"
"COTONOU_AEROPORT","2018","120.9","3"
"KANDI_AEROPORT","2018","7.4","4"
"NATITINGOU_PEPORIYAKOU","2018","54.2","4"
"PARAKOU_AEROPORT","2018","35.7","4"
"SAVE","2018","81","4"
"BOHICON","2018","85.5","4"
"COTONOU_AEROPORT","2018","58.1","4"
"KANDI_AEROPORT","2018","155.1","5"
"NATITINGOU_PEPORIYAKOU","2018","137","5"
"PARAKOU_AEROPORT","2018","75.6","5"
"SAVE","2018","71.9","5"
"BOHICON","2018","179.1","5"
"COTONOU_AEROPORT","2018","290.5","5"
"KANDI_AEROPORT","2018","216.2","6"
"NATITINGOU_PEPORIYAKOU","2018","160.8","6"
"PARAKOU_AEROPORT","2018","145.4","6"
"SAVE","2018","207.2","6"
"BOHICON","2018","138.2","6"
"COTONOU_AEROPORT","2018","158.3","6"
"KANDI_AEROPORT","2018","247.6","7"
"NATITINGOU_PEPORIYAKOU","2018","117.5","7"
"PARAKOU_AEROPORT","2018","105.5","7"
"SAVE","2018","30.1","7"
"BOHICON","2018","128.5","7"
"COTONOU_AEROPORT","2018","151.3","7"
"KANDI_AEROPORT","2018","428.1","8"
"NATITINGOU_PEPORIYAKOU","2018","317.1","8"
"PARAKOU_AEROPORT","2018","387","8"
"SAVE","2018","314.5","8"
"BOHICON","2018","82.5","8"
"COTONOU_AEROPORT","2018","88.6","8"
"KANDI_AEROPORT","2018","190.8","9"
"NATITINGOU_PEPORIYAKOU","2018","149","9"
"PARAKOU_AEROPORT","2018","184.2","9"
"SAVE","2018","236.8","9"
"BOHICON","2018","183.2","9"
"COTONOU_AEROPORT","2018","290.3","9"
"KANDI_AEROPORT","2018","33.8","10"
"NATITINGOU_PEPORIYAKOU","2018","94.8","10"
"PARAKOU_AEROPORT","2018","123.8","10"
"SAVE","2018","146","10"
"BOHICON","2018","138","10"
"COTONOU_AEROPORT","2018","169.1","10"
"KANDI_AEROPORT","2018","0","11"
"NATITINGOU_PEPORIYAKOU","2018","0","11"
"PARAKOU_AEROPORT","2018","0","11"
"SAVE","2018","14.6","11"
"BOHICON","2018","44.2","11"
"COTONOU_AEROPORT","2018","76.8","11"
"KANDI_AEROPORT","2018","0","12"
"NATITINGOU_PEPORIYAKOU","2018","0","12"
"PARAKOU_AEROPORT","2018","0","12"
"SAVE","2018","0","12"
"BOHICON","2018","0","12"
"COTONOU_AEROPORT","2018","7.6","12"
"KANDI_AEROPORT","2019","0","1"
"NATITINGOU_PEPORIYAKOU","2019","0","1"
"PARAKOU_AEROPORT","2019","79.4","1"
"SAVE","2019","5.5","1"
"BOHICON","2019","24.2","1"
"COTONOU_AEROPORT","2019","111.6","1"
"KANDI_AEROPORT","2019","0","2"
"NATITINGOU_PEPORIYAKOU","2019","0","2"
"PARAKOU_AEROPORT","2019","0.5","2"
"SAVE","2019","43.7","2"
"BOHICON","2019","23.7","2"
"COTONOU_AEROPORT","2019","116.7","2"
"KANDI_AEROPORT","2019","2.7","3"
"NATITINGOU_PEPORIYAKOU","2019","10.6","3"
"PARAKOU_AEROPORT","2019","39.4","3"
"SAVE","2019","63.3","3"
"BOHICON","2019","118.5","3"
"COTONOU_AEROPORT","2019","70.2","3"
"KANDI_AEROPORT","2019","18","4"
"NATITINGOU_PEPORIYAKOU","2019","34.9","4"
"PARAKOU_AEROPORT","2019","122.2","4"
"SAVE","2019","74.8","4"
"BOHICON","2019","103.2","4"
"COTONOU_AEROPORT","2019","88.7","4"
"KANDI_AEROPORT","2019","153.4","5"
"NATITINGOU_PEPORIYAKOU","2019","125.3","5"
"PARAKOU_AEROPORT","2019","118.8","5"
"SAVE","2019","231.7","5"
"BOHICON","2019","189.4","5"
"COTONOU_AEROPORT","2019","195.2","5"
"KANDI_AEROPORT","2019","103.9","6"
"NATITINGOU_PEPORIYAKOU","2019","98.1","6"
"PARAKOU_AEROPORT","2019","100.9","6"
"SAVE","2019","136.4","6"
"BOHICON","2019","143.5","6"
"COTONOU_AEROPORT","2019","160","6"
"KANDI_AEROPORT","2019","175.3","7"
"NATITINGOU_PEPORIYAKOU","2019","184.9","7"
"PARAKOU_AEROPORT","2019","265","7"
"SAVE","2019","167.8","7"
"BOHICON","2019","86.4","7"
"COTONOU_AEROPORT","2019","81.8","7"
"KANDI_AEROPORT","2019","234.4","8"
"NATITINGOU_PEPORIYAKOU","2019","213.8","8"
"PARAKOU_AEROPORT","2019","120.5","8"
"SAVE","2019","145.2","8"
"BOHICON","2019","42","8"
"COTONOU_AEROPORT","2019","17.8","8"
"KANDI_AEROPORT","2019","250.3","9"
"NATITINGOU_PEPORIYAKOU","2019","200.6","9"
"PARAKOU_AEROPORT","2019","206.2","9"
"SAVE","2019","184.6","9"
"BOHICON","2019","158.4","9"
"COTONOU_AEROPORT","2019","234.6","9"
"KANDI_AEROPORT","2019","104.5","10"
"NATITINGOU_PEPORIYAKOU","2019","140.2","10"
"PARAKOU_AEROPORT","2019","215.4","10"
"SAVE","2019","216","10"
"BOHICON","2019","203.8","10"
"COTONOU_AEROPORT","2019","398","10"
"KANDI_AEROPORT","2019","0","11"
"NATITINGOU_PEPORIYAKOU","2019","1.7","11"
"PARAKOU_AEROPORT","2019","0","11"
"SAVE","2019","38","11"
"BOHICON","2019","24.1","11"
"COTONOU_AEROPORT","2019","89.2","11"
"KANDI_AEROPORT","2019","0","12"
"NATITINGOU_PEPORIYAKOU","2019","0","12"
"PARAKOU_AEROPORT","2019","0","12"
"SAVE","2019","0","12"
"BOHICON","2019","11.5","12"
"COTONOU_AEROPORT","2019","0","12"
"KANDI_AEROPORT","2020","0","1"
"NATITINGOU_PEPORIYAKOU","2020","0","1"
"PARAKOU_AEROPORT","2020","0","1"
"SAVE","2020","1.1","1"
"BOHICON","2020","0","1"
"COTONOU_AEROPORT","2020","0","1"
"KANDI_AEROPORT","2020","0","2"
"NATITINGOU_PEPORIYAKOU","2020","0","2"
"PARAKOU_AEROPORT","2020","0","2"
"SAVE","2020","0","2"
"BOHICON","2020","0","2"
"COTONOU_AEROPORT","2020","0.2","2"
"KANDI_AEROPORT","2020","0","3"
"NATITINGOU_PEPORIYAKOU","2020","4.2","3"
"PARAKOU_AEROPORT","2020","52.2","3"
"SAVE","2020","35.8","3"
"BOHICON","2020","16.3","3"
"COTONOU_AEROPORT","2020","126.8","3"
"KANDI_AEROPORT","2020","66.1","4"
"NATITINGOU_PEPORIYAKOU","2020","48.5","4"
"PARAKOU_AEROPORT","2020","101","4"
"SAVE","2020","65","4"
"BOHICON","2020","81.5","4"
"COTONOU_AEROPORT","2020","136.8","4"
"KANDI_AEROPORT","2020","77.4","5"
"NATITINGOU_PEPORIYAKOU","2020","86.2","5"
"PARAKOU_AEROPORT","2020","124.6","5"
"SAVE","2020","163.3","5"
"BOHICON","2020","194.6","5"
"COTONOU_AEROPORT","2020","99.4","5"
"KANDI_AEROPORT","2020","133.7","6"
"NATITINGOU_PEPORIYAKOU","2020","147.8","6"
"PARAKOU_AEROPORT","2020","176.3","6"
"SAVE","2020","180.4","6"
"BOHICON","2020","188.5","6"
"COTONOU_AEROPORT","2020","329.7","6"
"KANDI_AEROPORT","2020","283","7"
"NATITINGOU_PEPORIYAKOU","2020","201.2","7"
"PARAKOU_AEROPORT","2020","176.6","7"
"SAVE","2020","219","7"
"BOHICON","2020","154.3","7"
"COTONOU_AEROPORT","2020","40.5","7"
"KANDI_AEROPORT","2020","366.9","8"
"NATITINGOU_PEPORIYAKOU","2020","114.1","8"
"PARAKOU_AEROPORT","2020","76.9","8"
"SAVE","2020","7.1","8"
"BOHICON","2020","15.7","8"
"COTONOU_AEROPORT","2020","0","8"
"KANDI_AEROPORT","2020","256.8","9"
"NATITINGOU_PEPORIYAKOU","2020","329.2","9"
"PARAKOU_AEROPORT","2020","271.5","9"
"SAVE","2020","148.9","9"
"BOHICON","2020","163.2","9"
"COTONOU_AEROPORT","2020","197","9"
"KANDI_AEROPORT","2020","62.4","10"
"NATITINGOU_PEPORIYAKOU","2020","134.8","10"
"PARAKOU_AEROPORT","2020","184.1","10"
"SAVE","2020","42.1","10"
"BOHICON","2020","83.7","10"
"COTONOU_AEROPORT","2020","125.1","10"
"KANDI_AEROPORT","2020","0","11"
"NATITINGOU_PEPORIYAKOU","2020","0.4","11"
"PARAKOU_AEROPORT","2020","0","11"
"SAVE","2020","0","11"
"BOHICON","2020","9.8","11"
"COTONOU_AEROPORT","2020","33","11"
"KANDI_AEROPORT","2020","0","12"
"NATITINGOU_PEPORIYAKOU","2020","0","12"
"PARAKOU_AEROPORT","2020","0","12"
"SAVE","2020","0","12"
"BOHICON","2020","0.7","12"
"COTONOU_AEROPORT","2020","8.4","12"
"KANDI_AEROPORT","2021","0","1"
"NATITINGOU_PEPORIYAKOU","2021","0","1"
"PARAKOU_AEROPORT","2021","0","1"
"SAVE","2021","0","1"
"BOHICON","2021","0","1"
"COTONOU_AEROPORT","2021","19.2","1"
"KANDI_AEROPORT","2021","0","2"
"NATITINGOU_PEPORIYAKOU","2021","0","2"
"PARAKOU_AEROPORT","2021","0","2"
"SAVE","2021","0","2"
"BOHICON","2021","0.2","2"
"COTONOU_AEROPORT","2021","14.2","2"
"KANDI_AEROPORT","2021","0","3"
"NATITINGOU_PEPORIYAKOU","2021","12","3"
"PARAKOU_AEROPORT","2021","20.9","3"
"SAVE","2021","130.4","3"
"BOHICON","2021","121.1","3"
"COTONOU_AEROPORT","2021","20.4","3"
"KANDI_AEROPORT","2021","0.3","4"
"NATITINGOU_PEPORIYAKOU","2021","79.9","4"
"PARAKOU_AEROPORT","2021","49.5","4"
"SAVE","2021","95.5","4"
"BOHICON","2021","79.2","4"
"COTONOU_AEROPORT","2021","65","4"
"KANDI_AEROPORT","2021","43.9","5"
"NATITINGOU_PEPORIYAKOU","2021","51.5","5"
"PARAKOU_AEROPORT","2021","118.7","5"
"SAVE","2021","135.4","5"
"BOHICON","2021","29.1","5"
"COTONOU_AEROPORT","2021","116.4","5"
"KANDI_AEROPORT","2021","149.7","6"
"NATITINGOU_PEPORIYAKOU","2021","185.5","6"
"PARAKOU_AEROPORT","2021","208.5","6"
"SAVE","2021","221.8","6"
"BOHICON","2021","182.9","6"
"COTONOU_AEROPORT","2021","200","6"
"KANDI_AEROPORT","2021","215.9","7"
"NATITINGOU_PEPORIYAKOU","2021","269.7","7"
"PARAKOU_AEROPORT","2021","184.5","7"
"SAVE","2021","58.6","7"
"BOHICON","2021","123","7"
"COTONOU_AEROPORT","2021","105.6","7"
"KANDI_AEROPORT","2021","428.1","8"
"NATITINGOU_PEPORIYAKOU","2021","230.2","8"
"PARAKOU_AEROPORT","2021","392.6","8"
"SAVE","2021","244","8"
"BOHICON","2021","71.6","8"
"COTONOU_AEROPORT","2021","77.4","8"
"KANDI_AEROPORT","2021","303.5","9"
"NATITINGOU_PEPORIYAKOU","2021","147.5","9"
"PARAKOU_AEROPORT","2021","270.7","9"
"SAVE","2021","220.7","9"
"BOHICON","2021","223","9"
"COTONOU_AEROPORT","2021","155.2","9"
"KANDI_AEROPORT","2021","4.1","10"
"NATITINGOU_PEPORIYAKOU","2021","174.3","10"
"PARAKOU_AEROPORT","2021","76.7","10"
"SAVE","2021","119.9","10"
"BOHICON","2021","162.2","10"
"COTONOU_AEROPORT","2021","99.2","10"
"KANDI_AEROPORT","2021","0","11"
"NATITINGOU_PEPORIYAKOU","2021","4","11"
"PARAKOU_AEROPORT","2021","0","11"
"SAVE","2021","10.6","11"
"BOHICON","2021","38.3","11"
"COTONOU_AEROPORT","2021","106.2","11"
"KANDI_AEROPORT","2021","0","12"
"NATITINGOU_PEPORIYAKOU","2021","0","12"
"PARAKOU_AEROPORT","2021","0","12"
"SAVE","2021","0","12"
"BOHICON","2021","0","12"
"COTONOU_AEROPORT","2021","0","12"
"KANDI_AEROPORT","2022","0","1"
"NATITINGOU_PEPORIYAKOU","2022","0","1"
"PARAKOU_AEROPORT","2022","0","1"
"SAVE","2022","0","1"
"BOHICON","2022","0","1"
"COTONOU_AEROPORT","2022","2.4","1"
"KANDI_AEROPORT","2022","0","2"
"NATITINGOU_PEPORIYAKOU","2022","0","2"
"PARAKOU_AEROPORT","2022","0","2"
"SAVE","2022","0","2"
"BOHICON","2022","1","2"
"COTONOU_AEROPORT","2022","24.2","2"
"KANDI_AEROPORT","2022","0.1","3"
"NATITINGOU_PEPORIYAKOU","2022","25","3"
"PARAKOU_AEROPORT","2022","15","3"
"SAVE","2022","43.8","3"
"BOHICON","2022","71.4","3"
"COTONOU_AEROPORT","2022","21.7","3"
"KANDI_AEROPORT","2022","14.4","4"
"NATITINGOU_PEPORIYAKOU","2022","178","4"
"PARAKOU_AEROPORT","2022","50","4"
"SAVE","2022","158","4"
"BOHICON","2022","245.7","4"
"COTONOU_AEROPORT","2022","230.8","4"
"KANDI_AEROPORT","2022","27.7","5"
"NATITINGOU_PEPORIYAKOU","2022","152.7","5"
"PARAKOU_AEROPORT","2022","52.4","5"
"SAVE","2022","73.3","5"
"BOHICON","2022","201.9","5"
"COTONOU_AEROPORT","2022","137.8","5"
"KANDI_AEROPORT","2022","222","6"
"NATITINGOU_PEPORIYAKOU","2022","186.3","6"
"PARAKOU_AEROPORT","2022","271","6"
"SAVE","2022","203.6","6"
"BOHICON","2022","193.9","6"
"COTONOU_AEROPORT","2022","398.2","6"
"KANDI_AEROPORT","2022","285.9","7"
"NATITINGOU_PEPORIYAKOU","2022","109.1","7"
"PARAKOU_AEROPORT","2022","230","7"
"SAVE","2022","136.4","7"
"BOHICON","2022","63.8","7"
"COTONOU_AEROPORT","2022","16.2","7"
"KANDI_AEROPORT","2022","188.1","8"
"NATITINGOU_PEPORIYAKOU","2022","167.8","8"
"PARAKOU_AEROPORT","2022","288.5","8"
"SAVE","2022","479","8"
"BOHICON","2022","67.5","8"
"COTONOU_AEROPORT","2022","19.9","8"
"KANDI_AEROPORT","2022","270.9","9"
"NATITINGOU_PEPORIYAKOU","2022","263.6","9"
"PARAKOU_AEROPORT","2022","","9"
"SAVE","2022","139.2","9"
"BOHICON","2022","159.3","9"
"COTONOU_AEROPORT","2022","134.8","9"
"KANDI_AEROPORT","2022","76.7","10"
"NATITINGOU_PEPORIYAKOU","2022","133.6","10"
"PARAKOU_AEROPORT","2022","82.6","10"
"SAVE","2022","160.3","10"
"BOHICON","2022","101.7","10"
"COTONOU_AEROPORT","2022","199.5","10"
"KANDI_AEROPORT","2022","0","11"
"NATITINGOU_PEPORIYAKOU","2022","0","11"
"PARAKOU_AEROPORT","2022","0","11"
"SAVE","2022","4.5","11"
"BOHICON","2022","24.1","11"
"COTONOU_AEROPORT","2022","75.1","11"
"KANDI_AEROPORT","2022","0","12"
"NATITINGOU_PEPORIYAKOU","2022","0","12"
"PARAKOU_AEROPORT","2022","0","12"
"SAVE","2022","0","12"
"BOHICON","2022","0","12"
"COTONOU_AEROPORT","2022","0.2","12"
